{"cameraMode":{"drawMode":0,"name":"Shaded","section":"Shading Mode"},"sceneLighting":true,"audioPlay":false,"sceneViewState":{"m_AlwaysRefresh":false,"showFog":true,"showSkybox":true,"showFlares":true,"showImageEffects":true,"showParticleSystems":true,"showVisualEffectGraphs":true,"m_FxEnabled":true},"in2DMode":false,"pivot":{"x":-0.8872575759887695,"y":0.39730799198150637,"z":1.4207606315612794},"rotation":{"x":-0.07351070642471314,"y":0.9002081155776978,"z":-0.1674395650625229,"w":-0.3952288031578064},"size":1.576350212097168,"orthographic":true}