{"cameraMode":{"drawMode":0,"name":"Shaded","section":"Shading Mode"},"sceneLighting":true,"audioPlay":false,"sceneViewState":{"m_AlwaysRefresh":false,"showFog":true,"showSkybox":true,"showFlares":true,"showImageEffects":true,"showParticleSystems":true,"showVisualEffectGraphs":true,"m_FxEnabled":true},"in2DMode":false,"pivot":{"x":-0.025496959686279298,"y":0.4999155104160309,"z":-0.04004991054534912},"rotation":{"x":0.0002805618569254875,"y":0.9877174496650696,"z":-0.15625520050525666,"w":0.0017738710157573224},"size":1.5140116214752198,"orthographic":true}