{"cameraMode":{"drawMode":0,"name":"Shaded","section":"Shading Mode"},"sceneLighting":true,"audioPlay":false,"sceneViewState":{"m_AlwaysRefresh":false,"showFog":true,"showSkybox":true,"showFlares":true,"showImageEffects":true,"showParticleSystems":true,"showVisualEffectGraphs":true,"m_FxEnabled":true},"in2DMode":false,"pivot":{"x":-0.003134235506877303,"y":0.39274752140045168,"z":-0.021151764318346978},"rotation":{"x":-0.14750312268733979,"y":0.6742454171180725,"z":-0.14015986025333405,"w":-0.709977388381958},"size":1.8737895488739014,"orthographic":true}