{"cameraMode":{"drawMode":0,"name":"Shaded","section":"Shading Mode"},"sceneLighting":true,"audioPlay":false,"sceneViewState":{"m_AlwaysRefresh":false,"showFog":true,"showSkybox":true,"showFlares":true,"showImageEffects":true,"showParticleSystems":true,"showVisualEffectGraphs":true,"m_FxEnabled":true},"in2DMode":false,"pivot":{"x":-0.39365309476852419,"y":0.8642551898956299,"z":-0.15960842370986939},"rotation":{"x":-0.33422064781188967,"y":0.6337461471557617,"z":-0.35150104761123659,"w":-0.6025919914245606},"size":1.9716370105743409,"orthographic":true}