{"cameraMode":{"drawMode":0,"name":"Shaded","section":"Shading Mode"},"sceneLighting":true,"audioPlay":false,"sceneViewState":{"m_AlwaysRefresh":false,"showFog":true,"showSkybox":true,"showFlares":true,"showImageEffects":true,"showParticleSystems":true,"showVisualEffectGraphs":true,"m_FxEnabled":true},"in2DMode":false,"pivot":{"x":-1.8737328052520753,"y":1.6646935939788819,"z":1.752779483795166},"rotation":{"x":0.07558676600456238,"y":-0.8730707168579102,"z":0.1434895247220993,"w":0.45986369252204897},"size":5.652860164642334,"orthographic":true}