{"cameraMode":{"drawMode":0,"name":"Shaded","section":"Shading Mode"},"sceneLighting":true,"audioPlay":false,"sceneViewState":{"m_AlwaysRefresh":false,"showFog":true,"showSkybox":true,"showFlares":true,"showImageEffects":true,"showParticleSystems":true,"showVisualEffectGraphs":true,"m_FxEnabled":true},"in2DMode":false,"pivot":{"x":0.8137683868408203,"y":10.556114196777344,"z":28.462461471557618},"rotation":{"x":0.0024827090092003347,"y":-0.5614199042320252,"z":0.0016842407640069724,"w":0.8275294303894043},"size":35.130828857421878,"orthographic":true}