{"cameraMode":{"drawMode":0,"name":"Shaded","section":"Shading Mode"},"sceneLighting":true,"audioPlay":false,"sceneViewState":{"m_AlwaysRefresh":false,"showFog":true,"showSkybox":true,"showFlares":true,"showImageEffects":true,"showParticleSystems":true,"showVisualEffectGraphs":true,"m_FxEnabled":true},"in2DMode":false,"pivot":{"x":568.9607543945313,"y":195.58709716796876,"z":-8.080946922302246},"rotation":{"x":-0.07283312827348709,"y":-0.008383526466786862,"z":0.0005626588826999068,"w":-0.9973387122154236},"size":168.50796508789063,"orthographic":true}