{"cameraMode":{"drawMode":0,"name":"Shaded","section":"Shading Mode"},"sceneLighting":true,"audioPlay":false,"sceneViewState":{"m_AlwaysRefresh":false,"showFog":true,"showSkybox":true,"showFlares":true,"showImageEffects":true,"showParticleSystems":true,"showVisualEffectGraphs":true,"m_FxEnabled":true},"in2DMode":false,"pivot":{"x":0.3459525406360626,"y":0.4993937313556671,"z":0.22165416181087495},"rotation":{"x":-0.011838119477033615,"y":0.6653947234153748,"z":-0.010610929690301419,"w":-0.7463734745979309},"size":2.3788249492645265,"orthographic":true}